<?xml version="1.0" encoding="UTF-8"?>
<coordinator-app xmlns="uri:oozie:coordinator:0.2" name="FixedTime" frequency="0/20 8,17 ? * 2-6" start="2018-12-01T08:00Z" end="2025-03-29T18:00Z" timezone="America/New_York" >

	<controls>
		<timeout>1</timeout>
		<concurrency>1</concurrency>
		<execution>FIFO</execution>
		<throttle>1</throttle>
	</controls>
	
	<action>
		<workflow>
			<app-path>${nameNode}/user/maria_dev/CREDIT_CARD_SYSTEM/IncrementCoord/workflow.xml</app-path>
		</workflow>
	</action>
	
</coordinator-app>