<?xml version="1.0" encoding="UTF-8"?>
<workflow-app xmlns="uri:oozie:workflow:0.2" name="secondCS">
	<start to="branch-sqoop"/>
	
	<action name="branch-sqoop">
		<sqoop xmlns="uri:oozie:sqoop-action:0.2">
			<job-tracker>${jobTracker}</job-tracker>
			<name-node>${nameNode}</name-node>
			<prepare>
				<delete path="${nameNode}/user/maria_dev/CREDIT_CARD_SYSTEM/cdw_sapp_d_customer"/>
			</prepare>
			<configuration>
				<property>
					<name>mapred.job.queue.name</name>
					<value>${queueName}</value>
				</property>
			</configuration>
			<command>
				job --meta-connect jdbc:hsqldb:hsql://localhost:16000/sqoop --exec branchAppend
			</command>
			<archive>/user/maria_dev/lib/java-json.jar#java-json.jar</archive>
		</sqoop>
		<ok to="branch-hive-temp"/>
		<error to="kill_job"/>
	</action>
	
	<action name="branch-hive-temp">
		<hive xmlns="uri:oozie:hive-action:0.2">
			<job-tracker>${jobTracker}</job-tracker>
			<name-node>${nameNode}</name-node>
			<configuration>
				<property>
					<name>mapred.job.queue.name</name>
					<value>${queueName}</value>
				</property>
			</configuration>
			<script>${nameNode}/user/maria_dev/CREDIT_CARD_SYSTEM/IncreAPP/branch_temp.sql</script>
			<param>OUTPUT=/user/maria_dev/CREDIT_CARD_SYSTEM/hive/Append/cdw_sapp_branch</param>
		</hive>
		<ok to="customer-hive-insert"/>
		<error to="kill_job"/>
	</action>
	
	<action name="customer-hive-insert">
		<hive xmlns="uri:oozie:hive-action:0.2">
			<job-tracker>${jobTracker}</job-tracker>
			<name-node>${nameNode}</name-node>
			<configuration>
				<property>
					<name>mapred.job.queue.name</name>
					<value>${queueName}</value>
				</property>
			</configuration>
			<script>${nameNode}/user/maria_dev/CREDIT_CARD_SYSTEM/IncreAPP/customer_insert.sql</script>
			<param>OUTPUT=/user/maria_dev/CREDIT_CARD_SYSTEM/hive/cdw_sapp_d_customer</param>
		</hive>
		<ok to="branch-sqoop"/>
		<error to="kill_job"/>
	</action>
		
	<action name="customer-sqoop">
		<sqoop xmlns="uri:oozie:sqoop-action:0.2">
			<job-tracker>${jobTracker}</job-tracker>
			<name-node>${nameNode}</name-node>
			<prepare>
				<delete path="${nameNode}/user/maria_dev/CREDIT_CARD_SYSTEM/sqoop/temp/cdw_customer"/>
			</prepare>
			<configuration>
				<property>
					<name>mapred.job.queue.name</name>
					<value>${queueName}</value>
				</property>
			</configuration>
			<command>
				job --meta-connect jdbc:hsqldb:hsql://localhost:16000/sqoop --exec customerAppend
			</command>
			<archive>/user/maria_dev/lib/java-json.jar#java-json.jar</archive>
		</sqoop>
		<ok to="branch-hive-temp"/>
		<error to="kill_job"/>
	</action>
	
	<action name="branch-hive-temp">
		<hive xmlns="uri:oozie:hive-action:0.2">
			<job-tracker>${jobTracker}</job-tracker>
			<name-node>${nameNode}</name-node>
			<configuration>
				<property>
					<name>mapred.job.queue.name</name>
					<value>${queueName}</value>
				</property>
			</configuration>
			<script>${nameNode}/user/maria_dev/CREDIT_CARD_SYSTEM/IncrementCoord/branch_temp.sql</script>
			<param>OUTPUT=/user/maria_dev/CREDIT_CARD_SYSTEM/hive/cdw_sapp_d_branch</param>
		</hive>
		<ok to="branch-hive-insert"/>
		<error to="kill_job"/>
	</action>
	
	<action name="branch-hive-insert">
		<hive xmlns="uri:oozie:hive-action:0.2">
			<job-tracker>${jobTracker}</job-tracker>
			<name-node>${nameNode}</name-node>
			<configuration>
				<property>
					<name>mapred.job.queue.name</name>
					<value>${queueName}</value>
				</property>
			</configuration>
			<script>${nameNode}/user/maria_dev/CREDIT_CARD_SYSTEM/IncrementCoord/branch_insert.sql</script>
			<param>OUTPUT=/user/maria_dev/CREDIT_CARD_SYSTEM/hive/cdw_sapp_d_branch</param>
		</hive>
		<ok to="creditcard-sqoop"/>
		<error to="kill_job"/>
	</action>
	
	<action name="creditcard-sqoop">
		<sqoop xmlns="uri:oozie:sqoop-action:0.2">
			<job-tracker>${jobTracker}</job-tracker>
			<name-node>${nameNode}</name-node>
			<prepare>
				<delete path="${nameNode}/user/maria_dev/CREDIT_CARD_SYSTEM/sqoop/temp/cdw_sapp_credit_card"/>
			</prepare>
			<configuration>
				<property>
					<name>mapred.job.queue.name</name>
					<value>${queueName}</value>
				</property>
			</configuration>
			<command>
				job --meta-connect jdbc:hsqldb:hsql://localhost:16000/sqoop --exec creditcardAppend
			</command>
			<archive>/user/maria_dev/lib/java-json.jar#java-json.jar</archive>
		</sqoop>
		<ok to="creditcard-hive-temp"/>
		<error to="kill_job"/>
	</action>
	
	<action name="creditcard-hive-temp">
		<hive xmlns="uri:oozie:hive-action:0.2">
			<job-tracker>${jobTracker}</job-tracker>
			<name-node>${nameNode}</name-node>
			<configuration>
				<property>
					<name>mapred.job.queue.name</name>
					<value>${queueName}</value>
				</property>
			</configuration>
			<script>${nameNode}/user/maria_dev/CREDIT_CARD_SYSTEM/Increment/cc_temp.sql</script>
			<param>OUTPUT=/user/maria_dev/CREDIT_CARD_SYSTEM/hive/cdw_sapp_f_credit_card</param>
		</hive>
		<ok to="cc-hive-insert"/>
		<error to="kill_job"/>
	</action>
	
	<action name="cc-hive-insert">
		<hive xmlns="uri:oozie:hive-action:0.2">
			<job-tracker>${jobTracker}</job-tracker>
			<name-node>${nameNode}</name-node>
			<configuration>
				<property>
					<name>mapred.job.queue.name</name>
					<value>${queueName}</value>
				</property>
			</configuration>
			<script>${nameNode}/user/maria_dev/CREDIT_CARD_SYSTEM/IncrementCoord/cc_insert.sql</script>
			<param>OUTPUT=/user/maria_dev/CREDIT_CARD_SYSTEM/hive/cdw_sapp_f_credit_card</param>
		</hive>
		<ok to="time-sqoop"/>
		<error to="kill_job"/>
	</action>
	
	<action name="time-sqoop">
		<sqoop xmlns="uri:oozie:sqoop-action:0.2">
			<job-tracker>${jobTracker}</job-tracker>
			<name-node>${nameNode}</name-node>
			<prepare>
				<delete path="${nameNode}/user/maria_dev/CREDIT_CARD_SYSTEM/sqoop/temp/cdw_sapp_d_time"/>
			</prepare>
			<configuration>
				<property>
					<name>mapred.job.queue.name</name>
					<value>${queueName}</value>
				</property>
			</configuration>
			<command>
				job --meta-connect jdbc:hsqldb:hsql://localhost:16000/sqoop --exec timeAppend
			</command>
			<archive>/user/maria_dev/lib/java-json.jar#java-json.jar</archive>
		</sqoop>
		<ok to="time-hive-temp"/>
		<error to="kill_job"/>
	</action>
	
	<action name="time-hive-temp">
		<hive xmlns="uri:oozie:hive-action:0.2">
			<job-tracker>${jobTracker}</job-tracker>
			<name-node>${nameNode}</name-node>
			<configuration>
				<property>
					<name>mapred.job.queue.name</name>
					<value>${queueName}</value>
				</property>
			</configuration>
			<script>${nameNode}/user/maria_dev/CREDIT_CARD_SYSTEM/IncrementCoord/time_temp.sql</script>
			<param>OUTPUT=/user/maria_dev/CREDIT_CARD_SYSTEM/hive/cdw_sapp_d_time</param>
		</hive>
		<ok to="time-hive-insert"/>
		<error to="kill_job"/>
	</action>
	
	<action name="time-hive-insert">
		<hive xmlns="uri:oozie:hive-action:0.2">
			<job-tracker>${jobTracker}</job-tracker>
			<name-node>${nameNode}</name-node>
			<configuration>
				<property>
					<name>mapred.job.queue.name</name>
					<value>${queueName}</value>
				</property>
			</configuration>
			<script>${nameNode}/user/maria_dev/CREDIT_CARD_SYSTEM/Automate/time_insert.sql</script>
			<param>OUTPUT=/user/maria_dev/CREDIT_CARD_SYSTEM/hive/cdw_sapp_d_time</param>
		</hive>
		<ok to="end"/>
		<error to="kill_job"/>
	</action>
	
	<kill name="kill_job">
		<message>Sqoop ed, error message[${wf:errorMessage(wf:lastErrorNode())}]</message>
	</kill>
	
	<end name="end"/>
	
</workflow-app>