<?xml version="1.0" encoding="UTF-8"?>
<workflow-app xmlns="uri:oozie:workflow:0.2" name="normalWorkflow">
    <start to="Branch_node"/>

    <action name="Branch_node">
        <sqoop xmlns="uri:oozie:sqoop-action:0.2">
            <job-tracker>${jobTracker}</job-tracker>
            <name-node>${nameNode}</name-node>
	    <prepare>
                <delete path="${nameNode}/user/maria_dev/SAPP_BRANCH"/>
            </prepare>
            <configuration>
                <property> 
		   <name>mapred.job.queue.name</name>
                   <value>${queueName}</value>
                </property>
            </configuration>
            <command>job --meta-connect jdbc:hsqldb:hsql://localhost:16000/sqoop --exec BranchJob</command>		 		
	    <archive>/user/maria_dev/lib/java-json.jar#java-json.jar</archive>
        </sqoop>

	<ok to="Create_temp_branch"/>
        <error to="kill_job"/>
    </action>

    <action name="Create_temp_branch">
        <hive xmlns="uri:oozie:hive-action:0.2">
            <job-tracker>${jobTracker}</job-tracker>
            <name-node>${nameNode}</name-node>
	<configuration>
	<property>
	<name>mapred.job.queue.name</name>
                    <value>${queueName}</value>
                </property>
            </configuration>
            <script>/user/maria_dev/Branch/temp_branch.hive</script>
      
      </hive>
        
	<ok to="Create_External_Branch_Table"/>
        <error to="kill_job"/>
        </action>

            <action name="Create_External_Branch_Table">
        <hive xmlns="uri:oozie:hive-action:0.2">
            <job-tracker>${jobTracker}</job-tracker>
            <name-node>${nameNode}</name-node>
	<configuration>
	<property>
	<name>mapred.job.queue.name</name>
                    <value>${queueName}</value>
                </property>
            </configuration>

         <script>/user/maria_dev/Branch/branch.hive</script>
     <file>/user/maria_dev/normal_workflow/branch.hive#branch.hive</file>

    </hive>
     <ok to="Insert_into_Table"/>
     <error to = "kill_job" />
        </action>
   <action name="Insert_into_Table">
        <hive xmlns="uri:oozie:hive-action:0.2">
            <job-tracker>${jobTracker}</job-tracker>
            <name-node>${nameNode}</name-node>
	<configuration>
	<property>
	<name>mapred.job.queue.name</name>
                    <value>${queueName}</value>
                </property>
            </configuration>

         <script>/user/maria_dev/Branch/branch.hql</script>
     <file>/user/maria_dev/normal_workflow/branch.hql#branch.hql</file>
	</hive>
	<ok to="creditcard_node"/>
   	<error to = "kill_job"/>
	</action>
            <action name="creditcard_node">
        <sqoop xmlns="uri:oozie:sqoop-action:0.2">
            <job-tracker>${jobTracker}</job-tracker>
            <name-node>${nameNode}</name-node>
	    <prepare>
                <delete path="${nameNode}/user/maria_dev/SAPP_CREDITCARD"/>
            </prepare>
            <configuration>
                <property> 
		   <name>mapred.job.queue.name</name>
                   <value>${queueName}</value>
                </property>
            </configuration>
            <command>job --meta-connect jdbc:hsqldb:hsql://localhost:16000/sqoop --exec creditcardJob</command>		 		
	    <archive>/user/maria_dev/lib/java-json.jar#java-json.jar</archive>
        </sqoop>

	<ok to="create_Temp_creditcard"/>
        <error to="kill_job"/>
    </action>

    <action name="create_Temp_creditcard">
        <hive xmlns="uri:oozie:hive-action:0.2">
            <job-tracker>${jobTracker}</job-tracker>
            <name-node>${nameNode}</name-node>
	<configuration>
	<property>
	<name>mapred.job.queue.name</name>
                    <value>${queueName}</value>
                </property>
            </configuration>
            <script>/user/maria_dev/customer/temp_creditcard.hive</script>
      
      </hive>
        
	<ok to="Create_External_creditcard_Table"/>
        <error to="kill_job"/>
        </action>

            <action name="Create_External_creditcard_Table">
        <hive xmlns="uri:oozie:hive-action:0.2">
            <job-tracker>${jobTracker}</job-tracker>
            <name-node>${nameNode}</name-node>
	<configuration>
	<property>
	<name>mapred.job.queue.name</name>
                    <value>${queueName}</value>
                </property>
            </configuration>

         <script>/user/maria_dev/customer/creditcard.hive</script>
     <file>/user/maria_dev/normal_workflow/creditcard.hive#creditcard.hive</file>

    </hive>
     <ok to="Insert_into_Table"/>
     <error to = "kill_job" />
        </action>
   <action name="Insert_into_Table">
        <hive xmlns="uri:oozie:hive-action:0.2">
            <job-tracker>${jobTracker}</job-tracker>
            <name-node>${nameNode}</name-node>
	<configuration>
	<property>
	<name>mapred.job.queue.name</name>
                    <value>${queueName}</value>
                </property>
            </configuration>

         <script>/user/maria_dev/creditcard.hql</script>
     <file>/user/maria_dev/normal_workflow/creditcard.hql#creditcard.hql</file>
	</hive>
	<ok to=" customer"/>
   	<error to = "kill_job" />
	</action>
           <action name="customers">
        <sqoop xmlns="uri:oozie:sqoop-action:0.2">
            <job-tracker>${jobTracker}</job-tracker>
            <name-node>${nameNode}</name-node>
	    <prepare>
                <delete path="${nameNode}/user/maria_dev/SAPP_CUSTOMER"/>
            </prepare>
            <configuration>
                <property> 
		   <name>mapred.job.queue.name</name>
                   <value>${queueName}</value>
                </property>
            </configuration>
            <command>job --meta-connect jdbc:hsqldb:hsql://localhost:16000/sqoop --exec customerJob</command>		 		
	    <archive>/user/maria_dev/lib/java-json.jar#java-json.jar</archive>
        </sqoop>

	<ok to="Create_customer_Temp"/>
        <error to="kill_job"/>
    </action>

    <action name="Create_customer_Temp">
        <hive xmlns="uri:oozie:hive-action:0.2">
            <job-tracker>${jobTracker}</job-tracker>
            <name-node>${nameNode}</name-node>
	<configuration>
	<property>
	<name>mapred.job.queue.name</name>
                    <value>${queueName}</value>
                </property>
            </configuration>
            <script>/user/maria_dev/custumer/temp_customer.hive</script>
      
      </hive>
        
	<ok to="Create_External_customer_Table"/>
        <error to="kill_job"/>
        </action>

            <action name="Create_External_customer_Table">
        <hive xmlns="uri:oozie:hive-action:0.2">
            <job-tracker>${jobTracker}</job-tracker>
            <name-node>${nameNode}</name-node>
	<configuration>
	<property>
	<name>mapred.job.queue.name</name>
                    <value>${queueName}</value>
                </property>
            </configuration>

         <script>cdw_sapp_customer.hive</script>
     <file>/user/maria_dev/normal_workflow/customer.hive#customer.hive</file>

    </hive>
     <ok to="Insert_into_Table"/>
     <error to = "kill_job" />
        </action>
   <action name="Insert_into_Table">
        <hive xmlns="uri:oozie:hive-action:0.2">
            <job-tracker>${jobTracker}</job-tracker>
            <name-node>${nameNode}</name-node>
	<configuration>
	<property>
	<name>mapred.job.queue.name</name>
                    <value>${queueName}</value>
                </property>
            </configuration>

         <script>/user/maria_dev/custumer/customer.hql</script>
     <file>/user/maria_dev/normal_workflow/customer.hql#customer.hql</file>
	</hive>
	<ok to="Time"/>
   	<error to = "kill_job" />
	</action
        <action name="Time">
        <sqoop xmlns="uri:oozie:sqoop-action:0.2">
            <job-tracker>${jobTracker}</job-tracker>
            <name-node>${nameNode}</name-node>
	    <prepare>
                <delete path="${nameNode}/user/maria_dev/SAPP_TIME"/>
            </prepare>
            <configuration>
                <property> 
		   <name>mapred.job.queue.name</name>
                   <value>${queueName}</value>
                </property>
            </configuration>
            <command>job --meta-connect jdbc:hsqldb:hsql://localhost:16000/sqoop --exec TimeJob</command>		 		
	    <archive>/user/maria_dev/lib/java-json.jar#java-json.jar</archive>
        </sqoop>

	<ok to="Create_Time_Temp"/>
        <error to="kill_job"/>
    </action>

    <action name="Create_Time_Temp">
        <hive xmlns="uri:oozie:hive-action:0.2">
            <job-tracker>${jobTracker}</job-tracker>
            <name-node>${nameNode}</name-node>
	<configuration>
	<property>
	<name>mapred.job.queue.name</name>
                    <value>${queueName}</value>
                </property>
            </configuration>
            <script>/user/maria_dev/time/temp_time.hive</script>
      
      </hive>
        
	<ok to="Create_External_time_Table"/>
        <error to="kill_job"/>
        </action>

            <action name="Create_External_time_Table">
        <hive xmlns="uri:oozie:hive-action:0.2">
            <job-tracker>${jobTracker}</job-tracker>
            <name-node>${nameNode}</name-node>
	<configuration>
	<property>
	<name>mapred.job.queue.name</name>
                    <value>${queueName}</value>
                </property>
            </configuration>

         <script>/user/maria_dev/time/time.hive</script>
     <file>/user/maria_dev/normal_workflow/time.hive#time.hive</file>

    </hive>
     <ok to="Insert_into_Table"/>
     <error to = "kill_job" />
        </action>
   <action name="Insert_into_Table">
        <hive xmlns="uri:oozie:hive-action:0.2">
            <job-tracker>${jobTracker}</job-tracker>
            <name-node>${nameNode}</name-node>
	<configuration>
	<property>
	<name>mapred.job.queue.name</name>
                    <value>${queueName}</value>
                </property>
            </configuration>

         <script>/user/maria_dev/time/time.hql</script>
     <file>/user/maria_dev/normal_workflow/time.hql#time.hql</file>
	</hive>
	<ok to="end"/>
   	<error to = "kill_job" />
	</action>
     <kill name="kill_job">
      <message>Workflow  failed, error message[${wf:errorMessage(wf:lastErrorNode())}]</message>
   </kill>

  <end name="end"/>
  </workflow-app>




